Certificate,Degree Type,College
Advanced Instructor Development for Professionals,Certificate,
Africa-Asia Studies,Certificate,
"African Literature, Visual Arts, and Performance",Certificate,
Agricultural Stewardship and Conservation,Certificate,
Biblical Studies,Certificate,
Climate and Environmental Change,Certificate,
Community Forestry,Certificate,
Development and Sustainability in Africa,Certificate,
Diversity Studies,Certificate,
Earth Sustainability,Certificate,
Engineering and Community Engagement,Certificate,
Engineering Design with Digital Tools,Certificate,
Engineering Design,Certificate,
Environment and Society Geography,Certificate,
Geographic Information Science,Certificate,
Geospatial Big Data Analytics,Certificate,
Global Environmental Systems,Certificate,
Health Care Administration,Certificate,
Health Policy,Certificate,
Holocaust and Genocide Studies,Certificate,
Housing,Certificate,
Information Sciences and Technology,Certificate,
Instructor Development for Professionals,Certificate,
International Engineering,Certificate,
International Science,Certificate,Eberly College of Science
"Justice, Ethics, Diversity in Space",Certificate,
Labor and Human Resources,Certificate,
Landscape Ecology,Certificate,
"Landscapes: Societies, Cultures, and Political Economies",Certificate,
Meeting and Event Management,Certificate,
Museum Studies,Certificate,
Nanotechnology,Certificate,
National Security Agency,Certificate,
Nursing Forensics,Certificate,
Nursing Informatics,Certificate,
Nursing Management,Certificate,
Operational Excellence for Professionals,Certificate,
Organizational Communication,Certificate,
Presidential Leadership Academy,Certificate,
Product Innovation Entrepreneurship,Certificate,
Professional Snowsports Education,Certificate,
Real Estate Analysis and Development,Certificate,Smeal College of Business
Science Research Distinction,Certificate,Eberly College of Science
Small Group Conflict and Collaboration,Certificate,
Smeal College Business Fundamentals,Certificate,Smeal College of Business
Space Systems Engineering,Certificate,
Sports Journalism,Certificate,Donald P. Bellisario College of Communications
Supervisory Leadership for Professionals,Certificate,
Worklink Strategies and Employability,Certificate,
